dt,open,high,low,close,volume
2010-01-04 09:45:00,37.54,37.59,37.48,37.49,135542
2010-01-04 10:00:00,37.49,37.6,37.49,37.6,204919
2010-01-04 10:15:00,37.6,37.64,37.57,37.63,244907
2010-01-04 10:30:00,37.62,37.68,37.61,37.66,443175
2010-01-04 10:45:00,37.67,37.68,37.65,37.66,481532
2010-01-04 11:00:00,37.66,37.685,37.64,37.64,532413
2010-01-04 11:15:00,37.63,37.7,37.63,37.68,558562
2010-01-04 11:30:00,37.69,37.74,37.69,37.73,571347
2010-01-04 11:45:00,37.74,37.8001,37.74,37.8,599276
2010-01-04 12:00:00,37.805,37.82,37.7501,37.7501,626168
2010-01-04 12:15:00,37.76,37.77,37.73,37.76,646928
2010-01-04 12:30:00,37.76,37.76,37.74,37.74,677999
2010-01-04 12:45:00,37.7401,37.77,37.7401,37.77,704670
2010-01-04 13:00:00,37.77,37.79,37.765,37.78,738237
2010-01-04 13:15:00,37.78,37.8,37.78,37.78,763187
2010-01-04 13:30:00,37.78,37.81,37.77,37.81,773787
2010-01-04 13:45:00,37.8,37.81,37.79,37.79,794937
2010-01-04 14:00:00,37.8,37.8,37.74,37.76,816699
2010-01-04 14:15:00,37.76,37.77,37.74,37.77,950535
2010-01-04 14:30:00,37.77,37.8,37.76,37.78,1011084
2010-01-04 14:45:00,37.77,37.8,37.77,37.78,1056764
2010-01-04 15:00:00,37.78,37.78,37.73,37.73,1126910
2010-01-04 15:15:00,37.73,37.73,37.69,37.71,1144352
2010-01-04 15:30:00,37.72,37.74,37.72,37.72,1161660
2010-01-04 15:45:00,37.72,37.74,37.71,37.71,1190671
2010-01-04 16:00:00,37.72,37.73,37.7,37.73,1257415
2010-01-05 09:45:00,37.58,37.71,37.58,37.7,48028
2010-01-05 10:00:00,37.7,37.77,37.68,37.69,99194
2010-01-05 10:15:00,37.68,37.78,37.68,37.71,136392
2010-01-05 10:30:00,37.71,37.8,37.69,37.79,155022
2010-01-05 10:45:00,37.79,37.87,37.78,37.86,163568
2010-01-05 11:00:00,37.86,37.93,37.86,37.93,178087
2010-01-05 11:15:00,37.92,37.93,37.9,37.91,191188
2010-01-05 11:30:00,37.9195,37.92,37.88,37.9,211950
2010-01-05 11:45:00,37.9,37.92,37.89,37.9,217803
2010-01-05 12:00:00,37.89,37.9,37.88,37.88,240439
2010-01-05 12:15:00,37.89,37.9,37.86,37.86,265319
2010-01-05 12:30:00,37.86,37.89,37.86,37.89,288810
2010-01-05 12:45:00,37.9,37.91,37.88,37.9,309042
2010-01-05 13:00:00,37.91,37.93,37.89,37.9,337371
2010-01-05 13:15:00,37.9,37.91,37.88,37.9,347227
2010-01-05 13:30:00,37.91,37.93,37.9,37.91,356527
2010-01-05 13:45:00,37.92,37.95,37.92,37.94,375529
2010-01-05 14:00:00,37.95,37.96,37.93,37.95,383029
2010-01-05 14:15:00,37.96,37.96,37.93,37.93,397627
2010-01-05 14:30:00,37.93,37.96,37.92,37.94,424298
2010-01-05 14:45:00,37.95,37.99,37.94,37.99,442995
2010-01-05 15:00:00,37.99,37.99,37.94,37.94,458288
2010-01-05 15:15:00,37.94,37.9402,37.92,37.93,504708
2010-01-05 15:30:00,37.93,37.95,37.93,37.94,541159
2010-01-05 15:45:00,37.93,37.97,37.92,37.95,731532
2010-01-05 16:00:00,37.94,37.97,37.93,37.94,826997
2010-01-06 09:45:00,37.89,38.09,37.71,37.94,73585
2010-01-06 10:00:00,37.93,37.98,37.92,37.97,92845
2010-01-06 10:15:00,37.97,38.0,37.95,37.97,120941
2010-01-06 10:30:00,37.98,37.99,37.95,37.95,151254
2010-01-06 10:45:00,37.95,37.99,37.94,37.98,179809
2010-01-06 11:00:00,37.99,38.02,37.99,38.01,210249
2010-01-06 11:15:00,38.01,38.01,37.96,37.98,233268
2010-01-06 11:30:00,37.98,37.99,37.93,37.94,251351
2010-01-06 11:45:00,37.94,37.95,37.85,37.86,307031
2010-01-06 12:00:00,37.87,37.98,37.87,37.955,402985
2010-01-06 12:15:00,37.94,37.96,37.9099,37.9099,447148
2010-01-06 12:30:00,37.91,37.91,37.87,37.88,460685
2010-01-06 12:45:00,37.87,37.9,37.87,37.89,468485
2010-01-06 13:00:00,37.88,37.89,37.87,37.89,485685
2010-01-06 13:15:00,37.89,37.9,37.84,37.84,507464
2010-01-06 13:30:00,37.84,37.86,37.81,37.85,547950
2010-01-06 13:45:00,37.85,37.865,37.83,37.83,562243
2010-01-06 14:00:00,37.82,37.82,37.78,37.79,579524
2010-01-06 14:15:00,37.8,37.82,37.79,37.8,606574
2010-01-06 14:30:00,37.81,37.82,37.79,37.79,620084
2010-01-06 14:45:00,37.79,37.82,37.78,37.8,647099
2010-01-06 15:00:00,37.8,37.84,37.79,37.8,667599
2010-01-06 15:15:00,37.8,37.8,37.76,37.775,690839
2010-01-06 15:30:00,37.78,37.78,37.75,37.75,726389
2010-01-06 15:45:00,37.76,37.78,37.74,37.75,771626
2010-01-06 16:00:00,37.74,37.87,37.73,37.77,872421
2010-01-07 09:45:00,37.7,37.79,37.59,37.62,50398
2010-01-07 10:00:00,37.6299,37.66,37.5,37.59,79389
2010-01-07 10:15:00,37.59,37.62,37.57,37.6,100505
2010-01-07 10:30:00,37.61,37.65,37.61,37.64,126824
2010-01-07 10:45:00,37.65,37.69,37.63,37.67,146860
2010-01-07 11:00:00,37.67,37.73,37.67,37.71,182409
2010-01-07 11:15:00,37.71,37.71,37.66,37.68,203107
2010-01-07 11:30:00,37.67,37.67,37.6,37.61,234842
2010-01-07 11:45:00,37.62,37.6501,37.6,37.64,289871
2010-01-07 12:00:00,37.63,37.65,37.61,37.62,381863
2010-01-07 12:15:00,37.62,37.65,37.61,37.64,415229
2010-01-07 12:30:00,37.6406,37.65,37.62,37.64,441147
2010-01-07 12:45:00,37.64,37.66,37.63,37.64,471052
2010-01-07 13:00:00,37.65,37.66,37.63,37.65,489514
2010-01-07 13:15:00,37.65,37.67,37.635,37.64,529522
2010-01-07 13:30:00,37.64,37.6506,37.63,37.64,552458
2010-01-07 13:45:00,37.65,37.6802,37.65,37.6616,569738
2010-01-07 14:00:00,37.66,37.69,37.65,37.67,591991
2010-01-07 14:15:00,37.67,37.68,37.65,37.68,603449
2010-01-07 14:30:00,37.67,37.68,37.64,37.66,658127
2010-01-07 14:45:00,37.65,37.66,37.63,37.65,716873
2010-01-07 15:00:00,37.65,37.66,37.59,37.61,816758
2010-01-07 15:15:00,37.6,37.63,37.58,37.6,998325
2010-01-07 15:30:00,37.6,37.65,37.575,37.62,1055113
2010-01-07 15:45:00,37.61,37.62,37.58,37.58,1138306
2010-01-07 16:00:00,37.59,37.62,37.57,37.62,1322031
2010-01-08 09:45:00,37.5,37.64,37.35,37.47,195482
2010-01-08 10:00:00,37.46,37.49,37.405,37.45,268348
2010-01-08 10:15:00,37.45,37.48,37.43,37.43,331819
2010-01-08 10:30:00,37.43,37.45,37.38,37.41,358091
2010-01-08 10:45:00,37.42,37.5,37.4,37.47,388096
2010-01-08 11:00:00,37.46,37.49,37.43,37.49,416432
2010-01-08 11:15:00,37.49,37.57,37.48,37.555,456585
2010-01-08 11:30:00,37.55,37.57,37.53,37.56,573207
2010-01-08 11:45:00,37.56,37.56,37.49,37.49,604258
2010-01-08 12:00:00,37.49,37.59,37.49,37.58,697312
2010-01-08 12:15:00,37.58,37.59,37.55,37.56,760849
2010-01-08 12:30:00,37.56,37.59,37.54,37.59,812886
2010-01-08 12:45:00,37.59,37.59,37.56,37.56,840036
2010-01-08 13:00:00,37.56,37.56,37.5,37.5,866345
2010-01-08 13:15:00,37.5,37.54,37.485,37.51,920258
2010-01-08 13:30:00,37.5,37.51,37.49,37.49,930258
2010-01-08 13:45:00,37.5,37.535,37.4801,37.4801,955688
2010-01-08 14:00:00,37.48,37.51,37.48,37.49,964576
2010-01-08 14:15:00,37.49,37.5,37.47,37.5,983538
2010-01-08 14:30:00,37.5,37.54,37.49,37.54,997228
2010-01-08 14:45:00,37.54,37.55,37.52,37.52,1043376
2010-01-08 15:00:00,37.52,37.5201,37.51,37.52,1060430
2010-01-08 15:15:00,37.52,37.55,37.51,37.54,1113069
2010-01-08 15:30:00,37.53,37.545,37.53,37.545,1126561
2010-01-08 15:45:00,37.5401,37.6,37.5401,37.6,1188214
2010-01-08 16:00:00,37.59,37.6,37.56,37.59,1366893
2010-01-11 09:45:00,37.59,37.59,37.4,37.43,41302
2010-01-11 10:00:00,37.43,37.47,37.4,37.42,120571
2010-01-11 10:15:00,37.42,37.42,37.335,37.38,188311
2010-01-11 10:30:00,37.38,37.4,37.35,37.38,253304
2010-01-11 10:45:00,37.37,37.39,37.36,37.39,264290
2010-01-11 11:00:00,37.4,37.44,37.38,37.415,332819
2010-01-11 11:15:00,37.42,37.46,37.41,37.42,347809
2010-01-11 11:30:00,37.42,37.42,37.39,37.4,365155
2010-01-11 11:45:00,37.4,37.44,37.4,37.42,388725
2010-01-11 12:00:00,37.425,37.49,37.415,37.49,409355
2010-01-11 12:15:00,37.5,37.55,37.49,37.545,416955
2010-01-11 12:30:00,37.55,37.56,37.515,37.53,440864
2010-01-11 12:45:00,37.53,37.54,37.525,37.53,448464
2010-01-11 13:00:00,37.52,37.53,37.49,37.5,476529
2010-01-11 13:15:00,37.5,37.5,37.48,37.49,483783
2010-01-11 13:30:00,37.48,37.5,37.47,37.5,503159
2010-01-11 13:45:00,37.5,37.51,37.49,37.49,546205
2010-01-11 14:00:00,37.5,37.53,37.48,37.53,577906
2010-01-11 14:15:00,37.52,37.53,37.5,37.505,594499
2010-01-11 14:30:00,37.51,37.52,37.5,37.51,603446
2010-01-11 14:45:00,37.51,37.53,37.49,37.5,692597
2010-01-11 15:00:00,37.5,37.53,37.5,37.52,729356
2010-01-11 15:15:00,37.51,37.565,37.51,37.55,764364
2010-01-11 15:30:00,37.56,37.56,37.54,37.55,773003
2010-01-11 15:45:00,37.541,37.57,37.53,37.57,821785
2010-01-11 16:00:00,37.57,37.57,37.49,37.51,1046029
2010-01-12 09:45:00,37.44,37.69,37.44,37.67,115225
2010-01-12 10:00:00,37.66,37.81,37.62,37.8,279143
2010-01-12 10:15:00,37.8,37.81,37.74,37.74,443635
2010-01-12 10:30:00,37.74,37.83,37.73,37.81,575484
2010-01-12 10:45:00,37.81,37.85,37.79,37.83,622807
2010-01-12 11:00:00,37.84,37.87,37.84,37.86,911084
2010-01-12 11:15:00,37.86,37.87,37.84,37.86,951139
2010-01-12 11:30:00,37.86,37.89,37.84,37.86,1017736
2010-01-12 11:45:00,37.87,37.87,37.82,37.84,1073132
2010-01-12 12:00:00,37.84,37.86,37.82,37.83,1138104
2010-01-12 12:15:00,37.83,37.855,37.83,37.85,1187049
2010-01-12 12:30:00,37.84,37.86,37.81,37.86,1276815
2010-01-12 12:45:00,37.85,37.86,37.83,37.84,1304800
2010-01-12 13:00:00,37.85,37.86,37.82,37.835,1341078
2010-01-12 13:15:00,37.84,37.86,37.83,37.85,1376635
2010-01-12 13:30:00,37.84,37.87,37.84,37.84,1414297
2010-01-12 13:45:00,37.84,37.855,37.84,37.85,1437459
2010-01-12 14:00:00,37.85,37.875,37.84,37.875,1475962
2010-01-12 14:15:00,37.875,37.875,37.84,37.84,1547313
2010-01-12 14:30:00,37.84,37.855,37.84,37.84,1620376
2010-01-12 14:45:00,37.83,37.85,37.81,37.81,1672359
2010-01-12 15:00:00,37.81,37.83,37.79,37.81,1955435
2010-01-12 15:15:00,37.81,37.84,37.79,37.83,2002017
2010-01-12 15:30:00,37.83,37.865,37.82,37.86,2102694
2010-01-12 15:45:00,37.86,37.86,37.81,37.84,2156748
2010-01-12 16:00:00,37.84,37.86,37.82,37.86,2295440
2010-01-13 09:45:00,37.85,38.0,37.85,37.98,119795
2010-01-13 10:00:00,37.98,38.08,37.98,38.08,239533
2010-01-13 10:15:00,38.06,38.11,38.04,38.11,345174
2010-01-13 10:30:00,38.1,38.11,38.05,38.1,434151
2010-01-13 10:45:00,38.1,38.12,38.07,38.09,582109
2010-01-13 11:00:00,38.09,38.1,38.06,38.1,705182
2010-01-13 11:15:00,38.1,38.1201,38.07,38.07,745778
2010-01-13 11:30:00,38.07,38.09,38.06,38.08,811652
2010-01-13 11:45:00,38.09,38.09,38.03,38.03,879019
2010-01-13 12:00:00,38.04,38.09,38.04,38.06,927018
2010-01-13 12:15:00,38.06,38.09,37.99,38.01,980183
2010-01-13 12:30:00,38.01,38.02,37.98,38.0,1055436
2010-01-13 12:45:00,38.01,38.05,38.01,38.04,1077952
2010-01-13 13:00:00,38.04,38.09,38.04,38.07,1116918
2010-01-13 13:15:00,38.07,38.09,38.05,38.0536,1213205
2010-01-13 13:30:00,38.06,38.07,38.05,38.07,1232005
2010-01-13 13:45:00,38.07,38.07,38.03,38.04,1247330
2010-01-13 14:00:00,38.04,38.05,38.01,38.02,1268392
2010-01-13 14:15:00,38.02,38.05,38.01,38.02,1290202
2010-01-13 14:30:00,38.01,38.03,38.0,38.03,1308302
2010-01-13 14:45:00,38.04,38.07,38.02,38.07,1429411
2010-01-13 15:00:00,38.07,38.09,38.06,38.08,1491246
2010-01-13 15:15:00,38.08,38.08,38.04,38.05,1523698
2010-01-13 15:30:00,38.05,38.08,38.03,38.06,1562699
2010-01-13 15:45:00,38.07,38.09,38.01,38.03,1631645
2010-01-13 16:00:00,38.03,38.06,38.03,38.05,1710791
2010-01-14 09:45:00,38.0,38.1,37.88,38.005,56964
2010-01-14 10:00:00,38.01,38.14,38.01,38.14,98418
2010-01-14 10:15:00,38.15,38.22,38.15,38.22,147196
2010-01-14 10:30:00,38.22,38.24,38.18,38.18,165835
2010-01-14 10:45:00,38.19,38.22,38.16,38.17,234756
2010-01-14 11:00:00,38.16,38.2401,38.14,38.24,281890
2010-01-14 11:15:00,38.2401,38.26,38.18,38.19,353025
2010-01-14 11:30:00,38.19,38.25,38.17,38.25,416825
2010-01-14 11:45:00,38.24,38.25,38.21,38.22,442160
2010-01-14 12:00:00,38.23,38.25,38.21,38.21,472141
2010-01-14 12:15:00,38.22,38.22,38.2,38.2,490842
2010-01-14 12:30:00,38.2,38.21,38.19,38.2,473842
2010-01-14 12:45:00,38.2,38.215,38.19,38.2,495737
2010-01-14 13:00:00,38.2,38.215,38.19,38.21,503930
2010-01-14 13:15:00,38.21,38.22,38.19,38.19,510230
2010-01-14 13:30:00,38.19,38.22,38.19,38.2127,519782
2010-01-14 13:45:00,38.22,38.25,38.2,38.24,538067
2010-01-14 14:00:00,38.24,38.245,38.23,38.23,550124
2010-01-14 14:15:00,38.23,38.24,38.22,38.22,563135
2010-01-14 14:30:00,38.225,38.25,38.22,38.245,570235
2010-01-14 14:45:00,38.2401,38.3,38.2401,38.26,631441
2010-01-14 15:00:00,38.26,38.27,38.22,38.27,719241
2010-01-14 15:15:00,38.27,38.3,38.26,38.29,817013
2010-01-14 15:30:00,38.29,38.3,38.26,38.3,864898
2010-01-14 15:45:00,38.3,38.31,38.26,38.28,942999
2010-01-14 16:00:00,38.27,38.32,38.25,38.27,1069906
2010-01-15 09:45:00,38.18,38.33,38.06,38.25,251439
2010-01-15 10:00:00,38.24,38.31,38.22,38.27,340446
2010-01-15 10:15:00,38.26,38.26,38.13,38.15,391703
2010-01-15 10:30:00,38.14,38.15,38.09,38.1,443450
2010-01-15 10:45:00,38.1,38.14,38.07,38.08,486804
2010-01-15 11:00:00,38.08,38.1,38.05,38.08,538236
2010-01-15 11:15:00,38.09,38.15,38.08,38.1,597666
2010-01-15 11:30:00,38.1,38.1201,38.05,38.06,636745
2010-01-15 11:45:00,38.06,38.11,38.03,38.07,682715
2010-01-15 12:00:00,38.071,38.08,38.04,38.06,710760
2010-01-15 12:15:00,38.05,38.05,38.01,38.01,750330
2010-01-15 12:30:00,38.01,38.04,37.96,38.03,823543
2010-01-15 12:45:00,38.03,38.09,38.02,38.07,857538
2010-01-15 13:00:00,38.07,38.09,38.06,38.07,871088
2010-01-15 13:15:00,38.08,38.08,38.05,38.08,885943
2010-01-15 13:30:00,38.08,38.1,38.06,38.07,900865
2010-01-15 13:45:00,38.0705,38.1,38.06,38.1,914361
2010-01-15 14:00:00,38.1,38.11,38.06,38.08,930741
2010-01-15 14:15:00,38.07,38.09,38.07,38.08,935141
2010-01-15 14:30:00,38.09,38.1,38.07,38.07,947130
2010-01-15 14:45:00,38.07,38.085,38.06,38.07,961359
2010-01-15 15:00:00,38.075,38.1,38.07,38.07,1027315
2010-01-15 15:15:00,38.07,38.15,38.07,38.13,1377501
2010-01-15 15:30:00,38.13,38.15,38.11,38.13,1443661
2010-01-15 15:45:00,38.14,38.16,38.1,38.13,1512633
2010-01-15 16:00:00,38.13,38.14,38.09,38.12,1819855
2010-01-19 09:45:00,37.96,38.1,37.96,38.08,83722
2010-01-19 10:00:00,38.08,38.12,38.04,38.09,210687
2010-01-19 10:15:00,38.09,38.1,38.01,38.09,266270
2010-01-19 10:30:00,38.1,38.11,38.01,38.02,303366
2010-01-19 10:45:00,38.01,38.1,38.01,38.1,341132
2010-01-19 11:00:00,38.0905,38.14,38.08,38.13,382957
2010-01-19 11:15:00,38.14,38.15,38.12,38.13,437890
2010-01-19 11:30:00,38.13,38.13,38.09,38.11,468117
2010-01-19 11:45:00,38.11,38.13,38.09,38.11,476817
2010-01-19 12:00:00,38.11,38.11,38.08,38.09,505383
2010-01-19 12:15:00,38.09,38.11,38.08,38.08,524183
2010-01-19 12:30:00,38.08,38.12,38.08,38.11,573463
2010-01-19 12:45:00,38.11,38.11,38.08,38.08,584624
2010-01-19 13:00:00,38.08,38.09,38.08,38.08,611984
2010-01-19 13:15:00,38.08,38.11,38.08,38.11,648666
2010-01-19 13:30:00,38.11,38.13,38.1,38.13,693670
2010-01-19 13:45:00,38.12,38.1401,38.1,38.12,774271
2010-01-19 14:00:00,38.11,38.12,38.08,38.08,829315
2010-01-19 14:15:00,38.08,38.14,38.08,38.1301,989732
2010-01-19 14:30:00,38.13,38.13,38.1,38.1,1027233
2010-01-19 14:45:00,38.11,38.1205,38.09,38.11,1138747
2010-01-19 15:00:00,38.11,38.12,38.09,38.1,1206580
2010-01-19 15:15:00,38.1,38.12,38.09,38.12,1289115
2010-01-19 15:30:00,38.12,38.15,38.1,38.15,1407124
2010-01-19 15:45:00,38.14,38.16,38.1,38.12,1458527
2010-01-19 16:00:00,38.11,38.17,38.11,38.15,1548549
2010-01-20 09:45:00,38.0,38.0,37.87,37.87,162723
2010-01-20 10:00:00,37.87,37.92,37.85,37.9,209116
2010-01-20 10:15:00,37.9,37.91,37.85,37.87,261339
2010-01-20 10:30:00,37.87,37.9,37.85,37.88,298645
2010-01-20 10:45:00,37.87,37.92,37.86,37.89,319545
2010-01-20 11:00:00,37.89,37.91,37.86,37.88,350194
2010-01-20 11:15:00,37.88,37.91,37.86,37.88,381094
2010-01-20 11:30:00,37.87,37.89,37.86,37.89,398308
2010-01-20 11:45:00,37.89,37.89,37.87,37.88,412708
2010-01-20 12:00:00,37.88,37.89,37.87,37.88,432386
2010-01-20 12:15:00,37.872,37.93,37.87,37.93,453807
2010-01-20 12:30:00,37.93,37.98,37.92,37.97,475425
2010-01-20 12:45:00,37.98,38.04,37.98,37.99,498252
2010-01-20 13:00:00,37.99,38.0,37.98,37.99,508682
2010-01-20 13:15:00,37.98,37.98,37.92,37.93,520744
2010-01-20 13:30:00,37.92,37.93,37.89,37.93,541763
2010-01-20 13:45:00,37.93,37.975,37.93,37.96,551144
2010-01-20 14:00:00,37.96,37.97,37.94,37.94,562752
2010-01-20 14:15:00,37.95,37.98,37.93,37.94,581747
2010-01-20 14:30:00,37.94,37.98,37.93,37.96,611862
2010-01-20 14:45:00,37.97,38.0,37.96,37.99,672020
2010-01-20 15:00:00,38.0,38.0008,37.9575,37.995,697645
2010-01-20 15:15:00,37.99,38.01,37.98,38.0,729678
2010-01-20 15:30:00,38.0,38.03,37.99,38.02,751974
2010-01-20 15:45:00,38.02,38.05,38.0,38.04,791598
2010-01-20 16:00:00,38.03,38.04,38.0,38.01,856851
2010-01-21 09:45:00,38.0,38.07,37.94,38.05,47767
2010-01-21 10:00:00,38.04,38.08,37.99,38.01,122440
2010-01-21 10:15:00,38.01,38.08,37.97,38.02,192900
2010-01-21 10:30:00,38.02,38.05,37.86,37.86,349269
2010-01-21 10:45:00,37.87,37.92,37.78,37.78,482740
2010-01-21 11:00:00,37.77,37.78,37.72,37.76,559626
2010-01-21 11:15:00,37.769,37.77,37.7,37.72,741182
2010-01-21 11:30:00,37.73,37.77,37.69,37.77,900553
2010-01-21 11:45:00,37.77,37.82,37.7,37.72,1117691
2010-01-21 12:00:00,37.72,37.8199,37.7,37.7182,1227949
2010-01-21 12:15:00,37.72,37.77,37.7,37.71,1290477
2010-01-21 12:30:00,37.71,37.74,37.7,37.72,1346803
2010-01-21 12:45:00,37.72,37.73,37.68,37.69,1398510
2010-01-21 13:00:00,37.69,37.71,37.64,37.71,1486691
2010-01-21 13:15:00,37.71,37.73,37.65,37.72,1579410
2010-01-21 13:30:00,37.72,37.765,37.71,37.76,1633228
2010-01-21 13:45:00,37.76,37.85,37.76,37.81,1703274
2010-01-21 14:00:00,37.82,37.83,37.79,37.79,1749649
2010-01-21 14:15:00,37.79,37.8,37.72,37.73,1844045
2010-01-21 14:30:00,37.73,37.77,37.72,37.74,1914565
2010-01-21 14:45:00,37.74,37.76,37.69,37.71,2014867
2010-01-21 15:00:00,37.71,37.72,37.68,37.7,2108475
2010-01-21 15:15:00,37.7,37.7,37.62,37.64,2284071
2010-01-21 15:30:00,37.65,37.68,37.62,37.68,2366972
2010-01-21 15:45:00,37.68,37.71,37.66,37.7,2453867
2010-01-21 16:00:00,37.7,37.77,37.65,37.67,2711928
2010-01-22 09:45:00,37.57,37.75,37.49,37.62,102545
2010-01-22 10:00:00,37.62,37.66,37.56,37.66,137655
2010-01-22 10:15:00,37.66,37.67,37.56,37.65,169354
2010-01-22 10:30:00,37.66,37.8,37.63,37.79,239232
2010-01-22 10:45:00,37.78,37.8,37.7,37.7,295886
2010-01-22 11:00:00,37.69,37.72,37.63,37.71,336081
2010-01-22 11:15:00,37.72,37.72,37.63,37.66,404702
2010-01-22 11:30:00,37.67,37.73,37.67,37.71,425000
2010-01-22 11:45:00,37.72,37.72,37.67,37.69,471257
2010-01-22 12:00:00,37.68,37.69,37.64,37.67,500067
2010-01-22 12:15:00,37.67,37.67,37.63,37.66,528167
2010-01-22 12:30:00,37.67,37.7,37.63,37.64,551853
2010-01-22 12:45:00,37.64,37.64,37.62,37.62,567988
2010-01-22 13:00:00,37.62,37.64,37.58,37.63,592386
2010-01-22 13:15:00,37.63,37.64,37.62,37.64,607952
2010-01-22 13:30:00,37.64,37.67,37.63,37.63,622152
2010-01-22 13:45:00,37.63,37.66,37.59,37.64,660308
2010-01-22 14:00:00,37.64,37.642,37.62,37.64,678208
2010-01-22 14:15:00,37.64,37.66,37.61,37.66,713627
2010-01-22 14:30:00,37.66,37.66,37.63,37.64,736527
2010-01-22 14:45:00,37.63,37.66,37.575,37.61,787495
2010-01-22 15:00:00,37.61,37.63,37.6,37.6,819333
2010-01-22 15:15:00,37.6,37.62,37.54,37.57,893121
2010-01-22 15:30:00,37.57,37.62,37.54,37.59,987438
2010-01-22 15:45:00,37.59,37.6,37.54,37.55,1085437
2010-01-22 16:00:00,37.56,37.58,37.48,37.51,1283209
2010-01-25 09:45:00,37.61,37.65,37.43,37.57,84611
2010-01-25 10:00:00,37.57,37.575,37.47,37.48,131454
2010-01-25 10:15:00,37.47,37.51,37.41,37.42,219026
2010-01-25 10:30:00,37.43,37.52,37.43,37.5101,267528
2010-01-25 10:45:00,37.51,37.515,37.44,37.48,304057
2010-01-25 11:00:00,37.49,37.52,37.47,37.49,342381
2010-01-25 11:15:00,37.48,37.49,37.44,37.46,395668
2010-01-25 11:30:00,37.47,37.505,37.47,37.48,426074
2010-01-25 11:45:00,37.47,37.48,37.42,37.48,454355
2010-01-25 12:00:00,37.49,37.52,37.46,37.5,493998
2010-01-25 12:15:00,37.51,37.53,37.47,37.47,520982
2010-01-25 12:30:00,37.47,37.495,37.46,37.47,543820
2010-01-25 12:45:00,37.47,37.5,37.47,37.48,562243
2010-01-25 13:00:00,37.48,37.49,37.465,37.475,569854
2010-01-25 13:15:00,37.47,37.4819,37.465,37.48,583250
2010-01-25 13:30:00,37.48,37.49,37.46,37.47,604361
2010-01-25 13:45:00,37.47,37.47,37.45,37.46,635512
2010-01-25 14:00:00,37.47,37.5,37.465,37.49,662890
2010-01-25 14:15:00,37.5,37.51,37.49,37.5,682811
2010-01-25 14:30:00,37.5,37.52,37.49,37.51,699959
2010-01-25 14:45:00,37.5,37.51,37.49,37.49,732026
2010-01-25 15:00:00,37.5,37.54,37.49,37.52,825034
2010-01-25 15:15:00,37.52,37.53,37.5,37.5,903860
2010-01-25 15:30:00,37.4901,37.51,37.48,37.49,960174
2010-01-25 15:45:00,37.49,37.505,37.46,37.47,1091450
2010-01-25 16:00:00,37.46,37.5,37.45,37.45,1186923
2010-01-26 09:45:00,37.4,37.42,37.32,37.34,68908
2010-01-26 10:00:00,37.34,37.38,37.32,37.38,100408
2010-01-26 10:15:00,37.39,37.46,37.35,37.41,177348
2010-01-26 10:30:00,37.41,37.42,37.37,37.42,218449
2010-01-26 10:45:00,37.42,37.455,37.41,37.44,247987
2010-01-26 11:00:00,37.445,37.48,37.445,37.47,307025
2010-01-26 11:15:00,37.47,37.48,37.44,37.46,332792
2010-01-26 11:30:00,37.47,37.51,37.47,37.48,389207
2010-01-26 11:45:00,37.48,37.5,37.46,37.47,410567
2010-01-26 12:00:00,37.47,37.5,37.46,37.461,461314
2010-01-26 12:15:00,37.4607,37.48,37.43,37.44,481393
2010-01-26 12:30:00,37.44,37.45,37.42,37.44,505396
2010-01-26 12:45:00,37.45,37.49,37.435,37.46,531906
2010-01-26 13:00:00,37.47,37.5,37.47,37.5,541958
2010-01-26 13:15:00,37.51,37.52,37.49,37.52,577361
2010-01-26 13:30:00,37.52,37.5203,37.5,37.5108,611546
2010-01-26 13:45:00,37.52,37.52,37.5,37.5,630722
2010-01-26 14:00:00,37.5,37.55,37.5,37.55,653371
2010-01-26 14:15:00,37.54,37.54,37.5,37.54,676991
2010-01-26 14:30:00,37.54,37.54,37.48,37.48,704366
2010-01-26 14:45:00,37.47,37.51,37.47,37.51,727651
2010-01-26 15:00:00,37.52,37.56,37.51,37.55,752470
2010-01-26 15:15:00,37.54,37.55,37.52,37.52,775022
2010-01-26 15:30:00,37.52,37.54,37.505,37.53,817994
2010-01-26 15:45:00,37.53,37.55,37.49,37.51,920770
2010-01-26 16:00:00,37.515,37.55,37.45,37.46,1147489
2010-01-27 09:45:00,37.36,37.43,37.31,37.42,108978
2010-01-27 10:00:00,37.42,37.42,37.34,37.4,178704
2010-01-27 10:15:00,37.39,37.4,37.29,37.3,247510
2010-01-27 10:30:00,37.29,37.31,37.26,37.3,300986
2010-01-27 10:45:00,37.3,37.39,37.3,37.36,400325
2010-01-27 11:00:00,37.36,37.36,37.33,37.35,440226
2010-01-27 11:15:00,37.35,37.35,37.31,37.31,472276
2010-01-27 11:30:00,37.31,37.35,37.27,37.35,499102
2010-01-27 11:45:00,37.35,37.4,37.35,37.39,528289
2010-01-27 12:00:00,37.39,37.41,37.38,37.4,552446
2010-01-27 12:15:00,37.4,37.41,37.3999,37.41,561153
2010-01-27 12:30:00,37.405,37.42,37.38,37.4,582053
2010-01-27 12:45:00,37.39,37.39,37.35,37.35,599734
2010-01-27 13:00:00,37.34,37.37,37.33,37.37,634909
2010-01-27 13:15:00,37.37,37.39,37.345,37.37,660780
2010-01-27 13:30:00,37.37,37.41,37.35,37.39,686979
2010-01-27 13:45:00,37.4,37.42,37.37,37.37,708093
2010-01-27 14:00:00,37.37,37.37,37.33,37.35,757340
2010-01-27 14:15:00,37.36,37.42,37.36,37.4,802776
2010-01-27 14:30:00,37.4,37.46,37.33,37.39,1043616
2010-01-27 14:45:00,37.38,37.47,37.36,37.43,1190554
2010-01-27 15:00:00,37.43,37.45,37.39,37.42,1276033
2010-01-27 15:15:00,37.41,37.45,37.36,37.37,1361830
2010-01-27 15:30:00,37.38,37.45,37.38,37.45,1436641
2010-01-27 15:45:00,37.45,37.53,37.44,37.49,1646776
2010-01-27 16:00:00,37.5,37.51,37.43,37.46,2027637
2010-01-28 09:45:00,37.49,37.57,37.43,37.5,83748
2010-01-28 10:00:00,37.49,37.49,37.43,37.48,167640
2010-01-28 10:15:00,37.48,37.55,37.44,37.5,266195
2010-01-28 10:30:00,37.48,37.54,37.46,37.52,323543
2010-01-28 10:45:00,37.51,37.52,37.48,37.48,343170
2010-01-28 11:00:00,37.48,37.5,37.43,37.5,397001
2010-01-28 11:15:00,37.49,37.56,37.43,37.56,501326
2010-01-28 11:30:00,37.57,37.57,37.49,37.5,541896
2010-01-28 11:45:00,37.5,37.53,37.38,37.39,664275
2010-01-28 12:00:00,37.4,37.41,37.36,37.38,709071
2010-01-28 12:15:00,37.38,37.38,37.33,37.34,728046
2010-01-28 12:30:00,37.34,37.35,37.3,37.32,758641
2010-01-28 12:45:00,37.31,37.31,37.28,37.29,791485
2010-01-28 13:00:00,37.29,37.3,37.27,37.3,809085
2010-01-28 13:15:00,37.31,37.31,37.24,37.24,831340
2010-01-28 13:30:00,37.24,37.31,37.24,37.3,870516
2010-01-28 13:45:00,37.29,37.3,37.27,37.3,898019
2010-01-28 14:00:00,37.3,37.3,37.25,37.255,936988
2010-01-28 14:15:00,37.26,37.31,37.24,37.25,976978
2010-01-28 14:30:00,37.25,37.3,37.23,37.29,1008254
2010-01-28 14:45:00,37.3,37.3,37.25,37.29,1041116
2010-01-28 15:00:00,37.29,37.3,37.26,37.27,1070564
2010-01-28 15:15:00,37.25,37.32,37.25,37.29,1131475
2010-01-28 15:30:00,37.3,37.38,37.3,37.34,1188567
2010-01-28 15:45:00,37.35,37.42,37.34,37.38,1281304
2010-01-28 16:00:00,37.39,37.4,37.29,37.33,1568761
2010-01-29 09:45:00,37.32,37.4,37.12,37.28,56578
2010-01-29 10:00:00,37.27,37.38,37.2101,37.38,120689
2010-01-29 10:15:00,37.38,37.48,37.37,37.38,165851
2010-01-29 10:30:00,37.37,37.45,37.33,37.45,226741
2010-01-29 10:45:00,37.45,37.52,37.44,37.44,290819
2010-01-29 11:00:00,37.44,37.46,37.38,37.41,344243
2010-01-29 11:15:00,37.4,37.46,37.34,37.42,411511
2010-01-29 11:30:00,37.425,37.47,37.38,37.46,460107
2010-01-29 11:45:00,37.465,37.48,37.395,37.4,502576
2010-01-29 12:00:00,37.405,37.45,37.39,37.4,555375
2010-01-29 12:15:00,37.4,37.46,37.39,37.45,595845
2010-01-29 12:30:00,37.46,37.475,37.43,37.44,621630
2010-01-29 12:45:00,37.44,37.455,37.42,37.42,676733
2010-01-29 13:00:00,37.42,37.44,37.39,37.44,701991
2010-01-29 13:15:00,37.44,37.47,37.42,37.43,733754
2010-01-29 13:30:00,37.425,37.49,37.42,37.46,750054
2010-01-29 13:45:00,37.45,37.46,37.415,37.46,794266
2010-01-29 14:00:00,37.465,37.47,37.4,37.4499,826800
2010-01-29 14:15:00,37.445,37.45,37.37,37.445,876924
2010-01-29 14:30:00,37.44,37.46,37.385,37.42,903451
2010-01-29 14:45:00,37.43,37.435,37.36,37.4,932947
2010-01-29 15:00:00,37.4,37.42,37.345,37.405,995030
2010-01-29 15:15:00,37.4,37.405,37.27,37.28,1066429
2010-01-29 15:30:00,37.27,37.34,37.27,37.31,1144241
2010-01-29 15:45:00,37.31,37.4,37.25,37.37,1307126
2010-01-29 16:00:00,37.36,37.39,37.24,37.24,1657717
2010-02-01 09:45:00,37.38,37.38,37.255,37.36,81077
2010-02-01 10:00:00,37.37,37.41,37.291,37.35,113861
2010-02-01 10:15:00,37.36,37.43,37.325,37.43,181246
2010-02-01 10:30:00,37.43,37.46,37.395,37.42,209060
2010-02-01 10:45:00,37.425,37.5,37.415,37.47,262833
2010-02-01 11:00:00,37.47,37.48,37.43,37.44,308489
2010-02-01 11:15:00,37.44,37.5,37.44,37.45,342207
2010-02-01 11:30:00,37.44,37.5,37.43,37.5,351207
2010-02-01 11:45:00,37.5,37.54,37.49,37.495,367806
2010-02-01 12:00:00,37.49,37.5001,37.45,37.46,383326
2010-02-01 12:15:00,37.465,37.5,37.46,37.47,392623
2010-02-01 12:30:00,37.465,37.47,37.455,37.46,401706
2010-02-01 12:45:00,37.46,37.46,37.425,37.46,451615
2010-02-01 13:00:00,37.47,37.51,37.47,37.49,472489
2010-02-01 13:15:00,37.48,37.495,37.46,37.495,503674
2010-02-01 13:30:00,37.49,37.54,37.49,37.54,529141
2010-02-01 13:45:00,37.53,37.56,37.53,37.55,564041
2010-02-01 14:00:00,37.55,37.57,37.54,37.56,610183
2010-02-01 14:15:00,37.56,37.57,37.54,37.54,657233
2010-02-01 14:30:00,37.54,37.58,37.535,37.57,692614
2010-02-01 14:45:00,37.58,37.61,37.5719,37.6,707738
2010-02-01 15:00:00,37.6,37.63,37.6,37.61,744941
2010-02-01 15:15:00,37.61,37.615,37.56,37.58,861874
2010-02-01 15:30:00,37.58,37.65,37.56,37.625,1027523
2010-02-01 15:45:00,37.625,37.65,37.6,37.64,1147166
2010-02-01 16:00:00,37.64,37.66,37.62,37.64,1273666
2010-02-02 09:45:00,37.65,37.8,37.52,37.71,88237
2010-02-02 10:00:00,37.71,37.72,37.63,37.63,148689
2010-02-02 10:15:00,37.65,37.67,37.56,37.59,214806
2010-02-02 10:30:00,37.6,37.69,37.59,37.67,249549
2010-02-02 10:45:00,37.665,37.73,37.66,37.7,281014
2010-02-02 11:00:00,37.7,37.735,37.7,37.71,312814
2010-02-02 11:15:00,37.71,37.71,37.63,37.64,355400
2010-02-02 11:30:00,37.65,37.71,37.62,37.71,491430
2010-02-02 11:45:00,37.71,37.73,37.69,37.69,579346
2010-02-02 12:00:00,37.69,37.7,37.68,37.69,614611
2010-02-02 12:15:00,37.69,37.71,37.67,37.67,663741
2010-02-02 12:30:00,37.69,37.74,37.68,37.73,684041
2010-02-02 12:45:00,37.72,37.74,37.71,37.7305,692039
2010-02-02 13:00:00,37.74,37.74,37.71,37.73,710617
2010-02-02 13:15:00,37.7299,37.73,37.69,37.7,727724
2010-02-02 13:30:00,37.7,37.75,37.695,37.75,736135
2010-02-02 13:45:00,37.76,37.82,37.76,37.78,751545
2010-02-02 14:00:00,37.7894,37.81,37.78,37.79,766395
2010-02-02 14:15:00,37.7993,37.8,37.76,37.77,780345
2010-02-02 14:30:00,37.76,37.77,37.74,37.7591,793445
2010-02-02 14:45:00,37.75,37.76,37.72,37.73,815907
2010-02-02 15:00:00,37.73,37.75,37.71,37.74,833650
2010-02-02 15:15:00,37.74,37.78,37.73,37.78,869338
2010-02-02 15:30:00,37.78,37.79,37.75,37.7599,914175
2010-02-02 15:45:00,37.76,37.81,37.7305,37.79,978987
2010-02-02 16:00:00,37.79,37.84,37.77,37.81,1081298
2010-02-03 09:45:00,37.69,37.72,37.59,37.7,190209
2010-02-03 10:00:00,37.72,37.8,37.72,37.775,222209
2010-02-03 10:15:00,37.7799,37.7799,37.71,37.71,263282
2010-02-03 10:30:00,37.71,37.735,37.68,37.69,308282
2010-02-03 10:45:00,37.675,37.7,37.655,37.7,341882
2010-02-03 11:00:00,37.69,37.72,37.68,37.71,400882
2010-02-03 11:15:00,37.7,37.73,37.65,37.725,419411
2010-02-03 11:30:00,37.725,37.73,37.69,37.715,440111
2010-02-03 11:45:00,37.71,37.74,37.69,37.7,460089
2010-02-03 12:00:00,37.7,37.72,37.68,37.68,508812
2010-02-03 12:15:00,37.68,37.725,37.675,37.7,647012
2010-02-03 12:30:00,37.7,37.74,37.695,37.72,668568
2010-02-03 12:45:00,37.725,37.775,37.7225,37.76,715930
2010-02-03 13:00:00,37.765,37.77,37.71,37.74,783852
2010-02-03 13:15:00,37.74,37.84,37.74,37.81,842733
2010-02-03 13:30:00,37.82,37.83,37.79,37.805,867301
2010-02-03 13:45:00,37.815,37.84,37.815,37.835,881353
2010-02-03 14:00:00,37.835,37.84,37.81,37.82,925400
2010-02-03 14:15:00,37.82,37.84,37.82,37.825,999979
2010-02-03 14:30:00,37.825,37.84,37.79,37.8125,1039392
2010-02-03 14:45:00,37.815,37.84,37.8,37.8019,1132652
2010-02-03 15:00:00,37.8,37.84,37.795,37.84,1157652
2010-02-03 15:15:00,37.83,37.83,37.8,37.81,1201937
2010-02-03 15:30:00,37.81,37.83,37.79,37.82,1232191
2010-02-03 15:45:00,37.83,37.89,37.82,37.87,1333674
2010-02-03 16:00:00,37.88,37.91,37.8,37.8,1719435
2010-02-04 09:45:00,37.61,37.61,37.53,37.59,73332
2010-02-04 10:00:00,37.58,37.59,37.455,37.58,164085
2010-02-04 10:15:00,37.58,37.61,37.455,37.47,258626
2010-02-04 10:30:00,37.48,37.52,37.42,37.42,314791
2010-02-04 10:45:00,37.42,37.48,37.41,37.45,390629
2010-02-04 11:00:00,37.46,37.495,37.42,37.43,532427
2010-02-04 11:15:00,37.43,37.53,37.42,37.46,659360
2010-02-04 11:30:00,37.4617,37.49,37.41,37.485,706453
2010-02-04 11:45:00,37.49,37.52,37.38,37.44,774027
2010-02-04 12:00:00,37.44,37.53,37.43,37.51,795290
2010-02-04 12:15:00,37.51,37.51,37.46,37.48,833922
2010-02-04 12:30:00,37.47,37.525,37.45,37.52,930799
2010-02-04 12:45:00,37.515,37.515,37.435,37.44,992663
2010-02-04 13:00:00,37.44,37.48,37.4,37.48,1055097
2010-02-04 13:15:00,37.48,37.48,37.43,37.46,1087333
2010-02-04 13:30:00,37.46,37.47,37.42,37.44,1131145
2010-02-04 13:45:00,37.44,37.44,37.4,37.4,1168548
2010-02-04 14:00:00,37.39,37.43,37.385,37.395,1213645
2010-02-04 14:15:00,37.41,37.46,37.4,37.43,1252607
2010-02-04 14:30:00,37.43,37.5,37.4,37.48,1292490
2010-02-04 14:45:00,37.48,37.48,37.435,37.45,1312580
2010-02-04 15:00:00,37.44,37.45,37.41,37.43,1347340
2010-02-04 15:15:00,37.43,37.43,37.39,37.39,1391283
2010-02-04 15:30:00,37.39,37.4,37.35,37.35,1515166
2010-02-04 15:45:00,37.35,37.43,37.33,37.37,1738651
2010-02-04 16:00:00,37.37,37.39,37.27,37.27,2151665
2010-02-05 09:45:00,37.2,37.42,37.16,37.3,106388
2010-02-05 10:00:00,37.31,37.35,37.22,37.25,192343
2010-02-05 10:15:00,37.25,37.26,37.15,37.23,260381
2010-02-05 10:30:00,37.22,37.29,37.195,37.25,319175
2010-02-05 10:45:00,37.26,37.31,37.25,37.27,368562
2010-02-05 11:00:00,37.27,37.31,37.25,37.295,412059
2010-02-05 11:15:00,37.3,37.3,37.135,37.135,455329
2010-02-05 11:30:00,37.15,37.18,37.1,37.15,488306
2010-02-05 11:45:00,37.14,37.16,37.08,37.11,561714
2010-02-05 12:00:00,37.1,37.19,37.09,37.16,620727
2010-02-05 12:15:00,37.17,37.22,37.17,37.2,652132
2010-02-05 12:30:00,37.19,37.265,37.19,37.25,725930
2010-02-05 12:45:00,37.25,37.255,37.18,37.205,758443
2010-02-05 13:00:00,37.2,37.21,37.16,37.205,814909
2010-02-05 13:15:00,37.205,37.205,37.125,37.15,858416
2010-02-05 13:30:00,37.155,37.19,37.13,37.15,889822
2010-02-05 13:45:00,37.155,37.175,37.1,37.12,974268
2010-02-05 14:00:00,37.12,37.13,37.08,37.08,1018260
2010-02-05 14:15:00,37.08,37.12,37.075,37.09,1060002
2010-02-05 14:30:00,37.08,37.12,37.07,37.11,1098033
2010-02-05 14:45:00,37.12,37.12,37.07,37.09,1153200
2010-02-05 15:00:00,37.081,37.13,37.065,37.1,1224857
2010-02-05 15:15:00,37.11,37.3,37.095,37.28,1400830
2010-02-05 15:30:00,37.28,37.28,37.165,37.2,1653612
2010-02-05 15:45:00,37.2,37.28,37.18,37.26,1911780
2010-02-05 16:00:00,37.25,37.26,37.13,37.24,2314851
2010-02-08 09:45:00,37.22,37.33,37.15,37.19,91926
2010-02-08 10:00:00,37.18,37.23,37.08,37.11,155936
2010-02-08 10:15:00,37.12,37.17,37.08,37.14,196131
2010-02-08 10:30:00,37.14,37.16,37.07,37.075,231888
2010-02-08 10:45:00,37.07,37.09,36.99,37.07,282490
2010-02-08 11:00:00,37.07,37.1,37.0,37.01,343546
2010-02-08 11:15:00,37.01,37.07,37.0,37.05,371782
2010-02-08 11:30:00,37.0501,37.1,37.05,37.1,389453
2010-02-08 11:45:00,37.09,37.13,37.09,37.12,423748
2010-02-08 12:00:00,37.12,37.13,37.1,37.1275,453018
2010-02-08 12:15:00,37.13,37.16,37.12,37.155,483586
2010-02-08 12:30:00,37.16,37.21,37.155,37.202,528576
2010-02-08 12:45:00,37.21,37.24,37.19,37.23,565069
2010-02-08 13:00:00,37.235,37.245,37.19,37.195,606886
2010-02-08 13:15:00,37.19,37.19,37.14,37.15,647223
2010-02-08 13:30:00,37.14,37.21,37.12,37.2,678627
2010-02-08 13:45:00,37.2,37.22,37.19,37.21,702277
2010-02-08 14:00:00,37.215,37.22,37.17,37.17,720333
2010-02-08 14:15:00,37.17,37.19,37.16,37.19,746833
2010-02-08 14:30:00,37.19,37.21,37.18,37.205,765218
2010-02-08 14:45:00,37.21,37.21,37.18,37.205,796612
2010-02-08 15:00:00,37.2,37.21,37.17,37.18,836504
2010-02-08 15:15:00,37.18,37.18,37.13,37.1503,900337
2010-02-08 15:30:00,37.16,37.16,37.1,37.12,949507
2010-02-08 15:45:00,37.12,37.195,37.12,37.18,1030514
2010-02-08 16:00:00,37.19,37.19,37.03,37.04,1334582
2010-02-09 09:45:00,37.21,37.38,37.21,37.34,82070
2010-02-09 10:00:00,37.335,37.34,37.24,37.24,149882
2010-02-09 10:15:00,37.24,37.36,37.24,37.3413,186521
2010-02-09 10:30:00,37.343,37.4,37.31,37.32,212512
2010-02-09 10:45:00,37.315,37.335,37.28,37.3,240058
2010-02-09 11:00:00,37.3,37.34,37.28,37.29,276618
2010-02-09 11:15:00,37.295,37.31,37.23,37.26,343932
2010-02-09 11:30:00,37.26,37.34,37.26,37.31,380682
2010-02-09 11:45:00,37.32,37.4,37.3,37.34,488903
2010-02-09 12:00:00,37.34,37.48,37.335,37.41,545767
2010-02-09 12:15:00,37.41,37.52,37.4,37.5104,606871
2010-02-09 12:30:00,37.515,37.59,37.51,37.57,670958
2010-02-09 12:45:00,37.57,37.57,37.38,37.44,817914
2010-02-09 13:00:00,37.44,37.53,37.435,37.5,866059
2010-02-09 13:15:00,37.495,37.54,37.49,37.5,898512
2010-02-09 13:30:00,37.505,37.52,37.47,37.5,933517
2010-02-09 13:45:00,37.5,37.53,37.48,37.53,963151
2010-02-09 14:00:00,37.525,37.54,37.495,37.495,1009270
2010-02-09 14:15:00,37.5,37.51,37.46,37.47,1082973
2010-02-09 14:30:00,37.47,37.5,37.44,37.5,1217537
2010-02-09 14:45:00,37.5,37.55,37.49,37.51,1276606
2010-02-09 15:00:00,37.51,37.525,37.47,37.5,1441128
2010-02-09 15:15:00,37.5,37.52,37.46,37.51,1494032
2010-02-09 15:30:00,37.52,37.55,37.5,37.55,1579528
2010-02-09 15:45:00,37.55,37.56,37.5,37.52,2292915
2010-02-09 16:00:00,37.51,37.52,37.44,37.46,2640429
2010-02-10 09:45:00,37.41,37.58,37.36,37.4,395012
2010-02-10 10:00:00,37.4,37.48,37.34,37.47,574585
2010-02-10 10:15:00,37.47,37.47,37.39,37.42,802136
2010-02-10 10:30:00,37.42,37.42,37.27,37.31,899213
2010-02-10 10:45:00,37.31,37.55,37.31,37.52,1032442
2010-02-10 11:00:00,37.52,37.52,37.44,37.47,1118164
2010-02-10 11:15:00,37.48,37.54,37.47,37.51,1211905
2010-02-10 11:30:00,37.51,37.6,37.5,37.59,1279921
2010-02-10 11:45:00,37.59,37.64,37.57,37.63,1335090
2010-02-10 12:00:00,37.63,37.64,37.57,37.61,1510858
2010-02-10 12:15:00,37.61,37.62,37.57,37.59,1593642
2010-02-10 12:30:00,37.59,37.65,37.57,37.63,1698021
2010-02-10 12:45:00,37.63,37.67,37.58,37.61,1909091
2010-02-10 13:00:00,37.6,37.615,37.58,37.6,1977352
2010-02-10 13:15:00,37.6,37.65,37.59,37.6,2047570
2010-02-10 13:30:00,37.6,37.63,37.59,37.61,2109155
2010-02-10 13:45:00,37.61,37.63,37.6,37.6,2212812
2010-02-10 14:00:00,37.6,37.64,37.6,37.61,2246157
2010-02-10 14:15:00,37.61,37.62,37.59,37.59,2314073
2010-02-10 14:30:00,37.59,37.61,37.56,37.57,2547486
2010-02-10 14:45:00,37.56,37.57,37.48,37.5,2675372
2010-02-10 15:00:00,37.505,37.58,37.5,37.55,2774660
2010-02-10 15:15:00,37.55,37.59,37.55,37.57,2818393
2010-02-10 15:30:00,37.57,37.575,37.51,37.55,2916048
2010-02-10 15:45:00,37.55,37.58,37.5,37.57,3131881
2010-02-10 16:00:00,37.57,37.6,37.54,37.56,3858432
2010-02-11 09:45:00,37.63,37.89,37.62,37.84,173618
2010-02-11 10:00:00,37.84,38.02,37.81,37.97,327076
2010-02-11 10:15:00,37.97,37.97,37.78,37.78,478867
2010-02-11 10:30:00,37.78,37.85,37.77,37.83,607435
2010-02-11 10:45:00,37.83,37.835,37.67,37.68,682446
2010-02-11 11:00:00,37.69,37.79,37.65,37.67,774762
2010-02-11 11:15:00,37.67,37.75,37.62,37.6805,847332
2010-02-11 11:30:00,37.68,37.75,37.64,37.7,919229
2010-02-11 11:45:00,37.71,37.76,37.64,37.76,1035329
2010-02-11 12:00:00,37.77,37.8,37.73,37.74,1092269
2010-02-11 12:15:00,37.75,37.77,37.71,37.73,1122953
2010-02-11 12:30:00,37.73,37.73,37.65,37.66,1185188
2010-02-11 12:45:00,37.66,37.67,37.65,37.65,1204158
2010-02-11 13:00:00,37.65,37.71,37.65,37.69,1240207
2010-02-11 13:15:00,37.69,37.72,37.68,37.715,1292770
2010-02-11 13:30:00,37.71,37.7399,37.7,37.72,1374320
2010-02-11 13:45:00,37.72,37.74,37.68,37.7,1499627
2010-02-11 14:00:00,37.7,37.755,37.66,37.75,1659807
2010-02-11 14:15:00,37.76,37.81,37.74,37.81,1778202
2010-02-11 14:30:00,37.81,37.84,37.79,37.84,1867054
2010-02-11 14:45:00,37.84,37.87,37.81,37.81,1960731
2010-02-11 15:00:00,37.82,37.84,37.79,37.83,2055975
2010-02-11 15:15:00,37.83,37.86,37.81,37.86,2138988
2010-02-11 15:30:00,37.86,37.89,37.83,37.83,2234746
2010-02-11 15:45:00,37.83,37.86,37.81,37.84,2425188
2010-02-11 16:00:00,37.84,37.86,37.77,37.81,2893076
2010-02-12 09:45:00,37.6,37.82,37.49,37.67,495297
2010-02-12 10:00:00,37.66,37.71,37.61,37.7,582055
2010-02-12 10:15:00,37.7,37.7,37.61,37.67,695391
2010-02-12 10:30:00,37.67,37.82,37.67,37.81,801330
2010-02-12 10:45:00,37.82,37.82,37.68,37.7,912897
2010-02-12 11:00:00,37.69,37.7,37.65,37.67,957310
2010-02-12 11:15:00,37.67,37.67,37.62,37.65,1216260
2010-02-12 11:30:00,37.66,37.71,37.64,37.69,1327654
2010-02-12 11:45:00,37.69,37.7,37.65,37.66,1408877
2010-02-12 12:00:00,37.66,37.7,37.65,37.67,1470123
2010-02-12 12:15:00,37.67,37.73,37.66,37.73,1534563
2010-02-12 12:30:00,37.73,37.82,37.73,37.8,1613799
2010-02-12 12:45:00,37.8,37.82,37.77,37.79,1658999
2010-02-12 13:00:00,37.79,37.79,37.75,37.76,1689332
2010-02-12 13:15:00,37.76,37.78,37.75,37.77,1776690
2010-02-12 13:30:00,37.77,37.77,37.66,37.68,1915587
2010-02-12 13:45:00,37.67,37.7,37.63,37.7,2026662
2010-02-12 14:00:00,37.7,37.71,37.69,37.71,2119950
2010-02-12 14:15:00,37.7,37.79,37.69,37.79,2243163
2010-02-12 14:30:00,37.79,37.84,37.78,37.81,2360199
2010-02-12 14:45:00,37.8,37.81,37.75,37.76,2480091
2010-02-12 15:00:00,37.76,37.78,37.72,37.73,2678367
2010-02-12 15:15:00,37.73,37.74,37.69,37.72,2956957
2010-02-12 15:30:00,37.72,37.75,37.7,37.71,3185878
2010-02-12 15:45:00,37.72,37.79,37.69,37.77,3304982
2010-02-12 16:00:00,37.78,37.81,37.74,37.8,3528205
2010-02-16 09:45:00,37.86,37.93,37.7,37.77,142225
2010-02-16 10:00:00,37.77,37.8,37.64,37.64,193225
2010-02-16 10:15:00,37.65,37.68,37.61,37.67,233299
2010-02-16 10:30:00,37.67,37.7,37.67,37.69,251249
2010-02-16 10:45:00,37.7,37.77,37.6905,37.73,296187
2010-02-16 11:00:00,37.73,37.74,37.67,37.7,348504
2010-02-16 11:15:00,37.7,37.74,37.69,37.7,389304
2010-02-16 11:30:00,37.7,37.78,37.7,37.78,426049
2010-02-16 11:45:00,37.78,37.83,37.78,37.821,465759
2010-02-16 12:00:00,37.83,37.83,37.81,37.82,487904
2010-02-16 12:15:00,37.81,37.82,37.76,37.77,523961
2010-02-16 12:30:00,37.76,37.79,37.76,37.79,553484
2010-02-16 12:45:00,37.7801,37.79,37.73,37.74,595468
2010-02-16 13:00:00,37.7401,37.78,37.74,37.77,618968
2010-02-16 13:15:00,37.79,37.8,37.77,37.78,650654
2010-02-16 13:30:00,37.78,37.78,37.73,37.74,682683
2010-02-16 13:45:00,37.73,37.735,37.69,37.7,736392
2010-02-16 14:00:00,37.7,37.76,37.69,37.75,761419
2010-02-16 14:15:00,37.76,37.76,37.74,37.74,785478
2010-02-16 14:30:00,37.75,37.81,37.74,37.81,822446
2010-02-16 14:45:00,37.81,37.82,37.8,37.82,858840
2010-02-16 15:00:00,37.82,37.84,37.81,37.84,898323
2010-02-16 15:15:00,37.83,37.84,37.79,37.79,936138
2010-02-16 15:30:00,37.8,37.83,37.77,37.83,1034707
2010-02-16 15:45:00,37.83,37.87,37.82,37.87,1165636
2010-02-16 16:00:00,37.87,37.89,37.85,37.89,1320186
2010-02-17 09:45:00,37.86,38.03,37.86,38.02,96092
2010-02-17 10:00:00,38.02,38.09,37.98,38.08,195184
2010-02-17 10:15:00,38.08,38.16,38.04,38.11,265705
2010-02-17 10:30:00,38.12,38.2,38.1,38.2,365281
2010-02-17 10:45:00,38.195,38.21,38.09,38.11,477230
2010-02-17 11:00:00,38.1,38.15,38.09,38.1,584795
2010-02-17 11:15:00,38.1,38.11,38.06,38.1,676042
2010-02-17 11:30:00,38.1,38.11,38.07,38.1,732958
2010-02-17 11:45:00,38.09,38.14,38.08,38.14,866985
2010-02-17 12:00:00,38.13,38.17,38.13,38.13,910770
2010-02-17 12:15:00,38.14,38.16,38.11,38.11,938599
2010-02-17 12:30:00,38.11,38.11,38.08,38.1,982171
2010-02-17 12:45:00,38.1,38.12,38.08,38.08,1095382
2010-02-17 13:00:00,38.08,38.14,38.08,38.14,1125994
2010-02-17 13:15:00,38.13,38.14,38.12,38.14,1160483
2010-02-17 13:30:00,38.14,38.15,38.12,38.14,1207588
2010-02-17 13:45:00,38.14,38.16,38.12,38.16,1309330
2010-02-17 14:00:00,38.16,38.16,38.105,38.12,1349012
2010-02-17 14:15:00,38.11,38.14,38.08,38.11,1541760
2010-02-17 14:30:00,38.1,38.13,38.04,38.11,1617066
2010-02-17 14:45:00,38.11,38.15,38.11,38.14,1667338
2010-02-17 15:00:00,38.15,38.17,38.14,38.17,1794124
2010-02-17 15:15:00,38.17,38.17,38.15,38.17,1825721
2010-02-17 15:30:00,38.17,38.21,38.16,38.19,2045177
2010-02-17 15:45:00,38.2,38.21,38.18,38.2,2163236
2010-02-17 16:00:00,38.19,38.22,38.18,38.2,2330805
2010-02-18 09:45:00,38.23,38.38,38.17,38.35,311823
2010-02-18 10:00:00,38.36,38.39,38.32,38.39,368123
2010-02-18 10:15:00,38.39,38.39,38.28,38.28,446965
2010-02-18 10:30:00,38.29,38.29,38.24,38.25,471442
2010-02-18 10:45:00,38.24,38.27,38.21,38.25,507326
2010-02-18 11:00:00,38.25,38.25,38.22,38.22,566085
2010-02-18 11:15:00,38.23,38.25,38.19,38.21,607278
2010-02-18 11:30:00,38.21,38.24,38.2,38.22,639770
2010-02-18 11:45:00,38.22,38.27,38.22,38.27,702675
2010-02-18 12:00:00,38.2619,38.27,38.19,38.19,757595
2010-02-18 12:15:00,38.2,38.2,38.18,38.18,773330
2010-02-18 12:30:00,38.18,38.2,38.18,38.2,785730
2010-02-18 12:45:00,38.2,38.2,38.16,38.18,814642
2010-02-18 13:00:00,38.18,38.23,38.18,38.23,831435
2010-02-18 13:15:00,38.23,38.23,38.21,38.21,842935
2010-02-18 13:30:00,38.21,38.22,38.2,38.2,856635
2010-02-18 13:45:00,38.2,38.21,38.19,38.19,871451
2010-02-18 14:00:00,38.19,38.2,38.17,38.18,887522
2010-02-18 14:15:00,38.18,38.21,38.18,38.21,904066
2010-02-18 14:30:00,38.2,38.26,38.19,38.23,960064
2010-02-18 14:45:00,38.23,38.28,38.23,38.24,985062
2010-02-18 15:00:00,38.24,38.29,38.225,38.29,1006052
2010-02-18 15:15:00,38.3,38.3,38.26,38.29,1024446
2010-02-18 15:30:00,38.295,38.33,38.295,38.32,1101943
2010-02-18 15:45:00,38.315,38.34,38.305,38.32,1169016
2010-02-18 16:00:00,38.311,38.32,38.28,38.32,1232568
2010-02-19 09:45:00,38.24,38.25,38.14,38.17,155438
2010-02-19 10:00:00,38.2,38.24,38.16,38.16,173802
2010-02-19 10:15:00,38.14,38.24,38.13,38.21,214941
2010-02-19 10:30:00,38.2075,38.3,38.17,38.28,273399
2010-02-19 10:45:00,38.26,38.3,38.25,38.28,286199
2010-02-19 11:00:00,38.29,38.34,38.28,38.3,310433
2010-02-19 11:15:00,38.3,38.38,38.3,38.38,334679
2010-02-19 11:30:00,38.38,38.5,38.38,38.48,413912
2010-02-19 11:45:00,38.49,38.49,38.36,38.38,701977
2010-02-19 12:00:00,38.37,38.42,38.33,38.42,724970
2010-02-19 12:15:00,38.42,38.44,38.38,38.38,742841
2010-02-19 12:30:00,38.38,38.41,38.36,38.4,761791
2010-02-19 12:45:00,38.4,38.4,38.37,38.38,769291
2010-02-19 13:00:00,38.37,38.39,38.36,38.38,775291
2010-02-19 13:15:00,38.39,38.39,38.36,38.39,781891
2010-02-19 13:30:00,38.4,38.4,38.35,38.35,787391
2010-02-19 13:45:00,38.35,38.37,38.35,38.36,796091
2010-02-19 14:00:00,38.34,38.36,38.32,38.36,808091
2010-02-19 14:15:00,38.36,38.37,38.31,38.37,821561
2010-02-19 14:30:00,38.37,38.39,38.34,38.36,981563
2010-02-19 14:45:00,38.36,38.38,38.34,38.34,1001025
2010-02-19 15:00:00,38.35,38.37,38.33,38.35,1011697
2010-02-19 15:15:00,38.35,38.35,38.26,38.27,1034497
2010-02-19 15:30:00,38.27,38.3,38.27,38.27,1054030
2010-02-19 15:45:00,38.28,38.38,38.275,38.35,1171616
2010-02-19 16:00:00,38.34,38.37,38.3,38.35,1323271
2010-02-22 09:45:00,38.36,38.45,38.32,38.34,56547
2010-02-22 10:00:00,38.34,38.36,38.28,38.325,92803
2010-02-22 10:15:00,38.33,38.33,38.24,38.3,127833
2010-02-22 10:30:00,38.3,38.33,38.26,38.26,167593
2010-02-22 10:45:00,38.27,38.33,38.26,38.31,189883
2010-02-22 11:00:00,38.3,38.3,38.21,38.22,208083
2010-02-22 11:15:00,38.22,38.26,38.22,38.24,232433
2010-02-22 11:30:00,38.23,38.25,38.18,38.19,274003
2010-02-22 11:45:00,38.2,38.3,38.195,38.28,315816
2010-02-22 12:00:00,38.28,38.28,38.215,38.24,348310
2010-02-22 12:15:00,38.24,38.27,38.24,38.27,359610
2010-02-22 12:30:00,38.27,38.27,38.23,38.26,384460
2010-02-22 12:45:00,38.27,38.31,38.265,38.31,407603
2010-02-22 13:00:00,38.31,38.31,38.29,38.3,429053
2010-02-22 13:15:00,38.3,38.31,38.295,38.3,433253
2010-02-22 13:30:00,38.31,38.32,38.3,38.3,438803
2010-02-22 13:45:00,38.3,38.32,38.29,38.32,460192
2010-02-22 14:00:00,38.32,38.34,38.29,38.29,472799
2010-02-22 14:15:00,38.29,38.32,38.285,38.32,488283
2010-02-22 14:30:00,38.31,38.34,38.305,38.31,510002
2010-02-22 14:45:00,38.32,38.33,38.315,38.32,519802
2010-02-22 15:00:00,38.33,38.35,38.32,38.33,580607
2010-02-22 15:15:00,38.33,38.36,38.32,38.34,602462
2010-02-22 15:30:00,38.35,38.355,38.305,38.31,626241
2010-02-22 15:45:00,38.32,38.32,38.265,38.27,676891
2010-02-22 16:00:00,38.28,38.3,38.26,38.28,750336
2010-02-23 09:45:00,38.32,38.34,38.19,38.22,70210
2010-02-23 10:00:00,38.22,38.32,38.22,38.28,115910
2010-02-23 10:15:00,38.28,38.28,38.14,38.15,193825
2010-02-23 10:30:00,38.15,38.17,38.13,38.15,233046
2010-02-23 10:45:00,38.15,38.16,38.11,38.13,254444
2010-02-23 11:00:00,38.13,38.19,38.12,38.18,285656
2010-02-23 11:15:00,38.18,38.19,38.13,38.17,306696
2010-02-23 11:30:00,38.17,38.18,38.14,38.16,340604
2010-02-23 11:45:00,38.17,38.21,38.17,38.2,348104
2010-02-23 12:00:00,38.19,38.2,38.15,38.17,368904
2010-02-23 12:15:00,38.16,38.17,38.14,38.16,379704
2010-02-23 12:30:00,38.16,38.16,38.12,38.14,404812
2010-02-23 12:45:00,38.14,38.17,38.13,38.13,417712
2010-02-23 13:00:00,38.12,38.15,38.12,38.14,423912
2010-02-23 13:15:00,38.14,38.18,38.14,38.16,533566
2010-02-23 13:30:00,38.15,38.16,38.14,38.16,542872
2010-02-23 13:45:00,38.15,38.15,38.1,38.11,568847
2010-02-23 14:00:00,38.1,38.15,38.09,38.11,581619
2010-02-23 14:15:00,38.1,38.14,38.08,38.13,603017
2010-02-23 14:30:00,38.13,38.13,38.08,38.08,619212
2010-02-23 14:45:00,38.09,38.13,38.07,38.12,646133
2010-02-23 15:00:00,38.12,38.14,38.11,38.13,672569
2010-02-23 15:15:00,38.13,38.15,38.11,38.13,686738
2010-02-23 15:30:00,38.13,38.16,38.12,38.13,714457
2010-02-23 15:45:00,38.14,38.17,38.12,38.13,772917
2010-02-23 16:00:00,38.13,38.14,38.09,38.1,821217
2010-02-24 09:45:00,38.2,38.24,38.08,38.15,40136
2010-02-24 10:00:00,38.15,38.195,38.14,38.185,63278
2010-02-24 10:15:00,38.18,38.185,38.06,38.09,147124
2010-02-24 10:30:00,38.08,38.105,38.03,38.06,187323
2010-02-24 10:45:00,38.05,38.165,38.03,38.14,244977
2010-02-24 11:00:00,38.15,38.21,38.15,38.17,269423
2010-02-24 11:15:00,38.18,38.22,38.17,38.17,283773
2010-02-24 11:30:00,38.16,38.17,38.13,38.15,300596
2010-02-24 11:45:00,38.15,38.215,38.13,38.21,321258
2010-02-24 12:00:00,38.21,38.21,38.17,38.17,336287
2010-02-24 12:15:00,38.17,38.18,38.16,38.18,342690
2010-02-24 12:30:00,38.17,38.19,38.14,38.14,355290
2010-02-24 12:45:00,38.14,38.14,38.12,38.14,369490
2010-02-24 13:00:00,38.14,38.14,38.095,38.1,380697
2010-02-24 13:15:00,38.09,38.09,38.07,38.08,391104
2010-02-24 13:30:00,38.08,38.13,38.08,38.09,408754
2010-02-24 13:45:00,38.09,38.11,38.07,38.07,421577
2010-02-24 14:00:00,38.08,38.11,38.07,38.08,439366
2010-02-24 14:15:00,38.09,38.13,38.085,38.12,451041
2010-02-24 14:30:00,38.13,38.13,38.1,38.12,459341
2010-02-24 14:45:00,38.11,38.11,38.07,38.11,507835
2010-02-24 15:00:00,38.11,38.1291,38.1099,38.11,515084
2010-02-24 15:15:00,38.11,38.1697,38.11,38.16,531881
2010-02-24 15:30:00,38.16,38.17,38.14,38.17,554658
2010-02-24 15:45:00,38.16,38.2,38.16,38.19,582379
2010-02-24 16:00:00,38.19,38.22,38.19,38.19,617579
2010-02-25 09:45:00,38.05,38.2,37.92,38.16,58904
2010-02-25 10:00:00,38.16,38.16,38.03,38.03,104426
2010-02-25 10:15:00,38.02,38.1,38.0,38.08,132103
2010-02-25 10:30:00,38.08,38.14,38.08,38.1399,165010
2010-02-25 10:45:00,38.12,38.13,38.05,38.06,212406
2010-02-25 11:00:00,38.06,38.08,38.0,38.0,256972
2010-02-25 11:15:00,38.01,38.02,37.96,37.96,290140
2010-02-25 11:30:00,37.96,38.03,37.92,38.01,360813
2010-02-25 11:45:00,38.02,38.04,37.99,38.04,386813
2010-02-25 12:00:00,38.03,38.07,38.03,38.04,402777
2010-02-25 12:15:00,38.04,38.05,38.01,38.04,416967
2010-02-25 12:30:00,38.04,38.06,38.02,38.05,427266
2010-02-25 12:45:00,38.05,38.07,38.03,38.04,443373
2010-02-25 13:00:00,38.04,38.08,38.03,38.04,455017
2010-02-25 13:15:00,38.03,38.04,38.0,38.0,467057
2010-02-25 13:30:00,38.0,38.02,37.99,37.99,476879
2010-02-25 13:45:00,37.99,38.02,37.99,38.02,489779
2010-02-25 14:00:00,38.03,38.13,38.02,38.13,526301
2010-02-25 14:15:00,38.13,38.19,38.13,38.13,579431
2010-02-25 14:30:00,38.13,38.17,38.12,38.13,605803
2010-02-25 14:45:00,38.14,38.16,38.13,38.15,631379
2010-02-25 15:00:00,38.15,38.17,38.14,38.15,666290
2010-02-25 15:15:00,38.16,38.21,38.15,38.19,716828
2010-02-25 15:30:00,38.2,38.27,38.19,38.26,765539
2010-02-25 15:45:00,38.25,38.27,38.21,38.24,811821
2010-02-25 16:00:00,38.23,38.28,38.2,38.28,923279
2010-02-26 09:45:00,38.3,38.37,38.28,38.32,79780
2010-02-26 10:00:00,38.33,38.33,38.28,38.28,121780
2010-02-26 10:15:00,38.28,38.29,38.13,38.19,247974
2010-02-26 10:30:00,38.19,38.2,38.15,38.19,325639
2010-02-26 10:45:00,38.19,38.28,38.18,38.23,382791
2010-02-26 11:00:00,38.24,38.26,38.2,38.26,433915
2010-02-26 11:15:00,38.27,38.3,38.23,38.26,509481
2010-02-26 11:30:00,38.26,38.28,38.24,38.24,562226
2010-02-26 11:45:00,38.24,38.26,38.22,38.23,630980
2010-02-26 12:00:00,38.24,38.26,38.22,38.26,680624
2010-02-26 12:15:00,38.25,38.26,38.22,38.22,719624
2010-02-26 12:30:00,38.23,38.23,38.21,38.22,755691
2010-02-26 12:45:00,38.22,38.24,38.19,38.2,823646
2010-02-26 13:00:00,38.2,38.21,38.15,38.18,902933
2010-02-26 13:15:00,38.17,38.21,38.17,38.21,1001036
2010-02-26 13:30:00,38.2,38.21,38.18,38.2,1077860
2010-02-26 13:45:00,38.2,38.2,38.17,38.2,1142699
2010-02-26 14:00:00,38.2,38.22,38.18,38.21,1241698
2010-02-26 14:15:00,38.2,38.21,38.19,38.19,1318356
2010-02-26 14:30:00,38.19,38.22,38.18,38.21,1542755
2010-02-26 14:45:00,38.21,38.22,38.19,38.2199,1629508
2010-02-26 15:00:00,38.215,38.28,38.21,38.27,1693748
2010-02-26 15:15:00,38.27,38.28,38.22,38.25,1768192
2010-02-26 15:30:00,38.24,38.26,38.22,38.25,1946739
2010-02-26 15:45:00,38.25,38.29,38.21,38.26,2287800
2010-02-26 16:00:00,38.26,38.32,38.21,38.25,4064238
